Song,Tempo,Energy,Danceability,Valence,Acousticness,Mood
Song 1,109.6,0.855,0.874,0.586,0.024,Happy
Song 2,126.28,0.848,0.618,0.118,0.226,Angry
Song 3,72.66,0.413,0.397,0.147,0.764,Sad
Song 4,58.41,0.338,0.295,0.528,0.798,Relaxed
Song 5,118.45,0.737,0.745,0.884,0.224,Happy
Song 6,72.13,0.293,0.514,0.501,0.819,Relaxed
Song 7,74.16,0.363,0.289,0.449,0.781,Relaxed
Song 8,88.51,0.494,0.434,0.44,0.848,Calm
Song 9,70.19,0.337,0.322,0.631,0.888,Relaxed
Song 10,84.89,0.483,0.234,0.482,0.764,Calm
Song 11,132.25,1,0.773,0.816,0,Energetic
Song 12,131.65,0.916,0.919,0.785,0.195,Energetic
Song 13,130.38,0.986,0.841,0.547,0,Energetic
Song 14,110.81,0.83,0.794,0.903,0.129,Happy
Song 15,141.26,0.869,0.906,0.621,0.056,Energetic
Song 16,121.18,0.76,0.669,0.164,0.121,Angry
Song 17,72.47,0.317,0.29,0.499,0.87,Relaxed
Song 18,103.13,0.635,0.648,0.7,0.228,Happy
Song 19,78.22,0.55,0.344,0.609,0.708,Calm
Song 20,122.95,0.785,0.586,0.321,0,Angry
Song 21,127.38,0.821,0.475,0.229,0.056,Angry
Song 22,74.33,0.302,0.51,0.221,0.597,Sad
Song 23,127.2,1,0.704,0.263,0.296,Angry
Song 24,70.11,0.356,0.287,0.473,0.655,Calm
Song 25,132.78,0.753,0.758,0.738,0.201,Energetic
Song 26,154.97,1,0.901,0.581,0,Energetic
Song 27,116.87,0.838,0.559,0.203,0.248,Angry
Song 28,73.57,0.284,0.246,0.049,0.662,Sad
Song 29,122.81,0.957,0.793,0.938,0.12,Happy
Song 30,60.15,0.203,0.277,0.505,0.621,Sad
Song 31,72.97,0.513,0.418,0.501,0.815,Calm
Song 32,118.45,0.925,0.575,0.073,0,Angry
Song 33,135.79,0.796,0.768,0.854,0.337,Happy
Song 34,70.19,0.209,0.411,0.601,1,Relaxed
Song 35,69.76,0.283,0.545,0.727,0.798,Calm
Song 36,68.17,0.446,0.239,0.143,0.797,Sad
Song 37,71.95,0.284,0.384,0.419,0.731,Sad
Song 38,74.44,0.045,0.295,0.449,0.734,Relaxed
Song 39,78.66,0.512,0.247,0.524,0.762,Calm
Song 40,68.72,0.4,0.404,0.41,0.701,Sad
Song 41,65.76,0.274,0.318,0.42,0.891,Relaxed
Song 42,70.28,0.502,0.488,0.448,0.846,Relaxed
Song 43,76.09,0.452,0.501,0.433,0.742,Calm
Song 44,60.53,0.404,0.274,0.456,0.715,Calm
Song 45,102.42,0.633,0.993,0.666,0.048,Happy
Song 46,153.37,1,0.743,0.656,0.141,Energetic
Song 47,62.13,0.275,0.428,0.302,0.675,Sad
Song 48,123.66,0.743,0.596,0.188,0.148,Angry
Song 49,129.72,0.981,0.636,0.262,0.126,Angry
Song 50,120,0.708,0.812,0.808,0.431,Happy
Song 51,138.86,0.824,0.749,0.843,0.132,Energetic
Song 52,139.8,0.726,0.953,0.755,0,Energetic
Song 53,74.64,0.305,0.321,0.238,0.69,Sad
Song 54,126.53,1,0.363,0.192,0.141,Angry
Song 55,68.28,0.124,0.383,0.457,0.536,Sad
Song 56,80.64,0.267,0.344,0.124,0.68,Sad
Song 57,130.83,1,0.738,0.273,0.329,Angry
Song 58,72.39,0.333,0.27,0.558,0.796,Relaxed
Song 59,60.22,0.378,0.331,0.391,0.81,Sad
Song 60,143.21,0.953,0.463,0.212,0,Angry
Song 61,87.11,0.364,0.28,0.128,0.724,Sad
Song 62,112.83,0.813,0.651,0.359,0.193,Angry
Song 63,85.04,0.427,0.421,0.714,0.572,Calm
Song 64,76.09,0.479,0.222,0.697,0.864,Calm
Song 65,119.29,0.961,0.727,0.248,0.148,Angry
Song 66,84.7,0.334,0.365,0.502,0.866,Calm
Song 67,109.41,0.767,0.928,0.731,0.081,Happy
Song 68,70.02,0.334,0.301,0.709,0.983,Relaxed
Song 69,73.54,0.483,0.279,0.31,1,Relaxed
Song 70,63.42,0.261,0.431,0.358,0.73,Relaxed
Song 71,60.06,0.294,0.352,0.583,0.71,Relaxed
Song 72,58.9,0.425,0.333,0.575,0.904,Calm
Song 73,128.38,0.914,0.936,0.728,0.164,Energetic
Song 74,60.95,0.232,0.32,0.648,0.833,Relaxed
Song 75,69.34,0.288,0.433,0.011,0.564,Sad
Song 76,120.18,0.667,0.792,0.79,0.066,Energetic
Song 77,130.89,0.913,0.773,0.982,0.191,Happy
Song 78,116.63,0.821,0.472,0.113,0.077,Angry
Song 79,137.21,0.642,0.819,0.695,0.237,Happy
Song 80,123.69,0.697,0.713,0.147,0.056,Angry
Song 81,75.46,0.463,0.361,0.559,0.863,Calm
Song 82,81.21,0.216,0.152,0.678,0.84,Relaxed
Song 83,85.83,0.407,0.415,0.754,1,Calm
Song 84,68.69,0.266,0.408,0.449,0.92,Relaxed
Song 85,85.14,0.337,0.221,0.271,0.686,Calm
Song 86,130.41,0.871,1,0.833,0,Energetic
Song 87,77.93,0.392,0.399,0.594,0.779,Calm
Song 88,145.64,0.786,0.861,1,0.127,Energetic
Song 89,125.92,0.938,0.614,0.2,0.026,Angry
Song 90,129.3,0.795,0.687,0.35,0.164,Angry
Song 91,124.54,0.749,0.874,0.6,0.14,Happy
Song 92,52.09,0.15,0.486,0.357,0.634,Sad
Song 93,95.35,0.826,0.862,0.272,0.053,Angry
Song 94,124.65,0.624,0.75,0.832,0.17,Happy
Song 95,128.45,0.947,0.551,0.328,0.315,Angry
Song 96,62.3,0.211,0.484,0.227,0.888,Sad
Song 97,82.55,0.263,0.326,0.738,0.837,Relaxed
Song 98,72.59,0.375,0.425,0.332,0.896,Calm
Song 99,83.48,0.061,0.271,0.048,0.621,Sad
Song 100,84.48,0.402,0.355,0.501,0.844,Calm
Song 101,132.07,0.946,0.659,0.287,0.156,Angry
Song 102,102.35,0.411,0.349,0.43,0.696,Calm
Song 103,73.11,0.413,0.413,0.526,0.728,Calm
Song 104,91,0.494,0.364,0.442,0.886,Calm
Song 105,67.52,0.413,0.406,0.412,0.843,Calm
Song 106,57.45,0.434,0.475,0.22,0.764,Sad
Song 107,123.44,0.871,0.753,0.786,0.34,Energetic
Song 108,113.23,0.796,0.644,0.413,0,Angry
Song 109,138.21,0.615,0.652,0.769,0.118,Happy
Song 110,80.13,0.324,0.173,0.312,0.651,Sad
Song 111,128.72,0.836,0.914,0.792,0.154,Energetic
Song 112,103.14,0.834,0.677,0.848,0.009,Happy
Song 113,126.93,0.772,0.931,0.729,0.026,Energetic
Song 114,139.51,0.836,0.623,0.252,0.046,Angry
Song 115,129.67,0.859,0.996,0.575,0,Energetic
Song 116,136.11,1,0.739,0.588,0.143,Happy
Song 117,118.1,0.669,0.838,0.883,0.001,Happy
Song 118,78.99,0.505,0.367,0.21,0.703,Sad
Song 119,102.69,0.796,0.741,1,0.159,Happy
Song 120,151.68,0.79,0.919,0.738,0,Energetic
Song 121,80.13,0.218,0.131,0.548,0.772,Relaxed
Song 122,131.58,0.892,0.689,0.506,0.158,Energetic
Song 123,50,0.378,0.377,0.164,0.562,Sad
Song 124,143.36,0.935,1,0.75,0.147,Energetic
Song 125,143.17,0.963,0.985,0.637,0.048,Energetic
Song 126,120.21,0.959,0.77,0.165,0.069,Angry
Song 127,122.54,0.975,0.395,0.121,0.026,Angry
Song 128,111.8,0.804,0.768,0.676,0.234,Energetic
Song 129,109.69,0.774,0.885,0.703,0.071,Happy
Song 130,125.59,0.758,0.845,0.818,0.264,Happy
Song 131,81.88,0.399,0.258,0.332,0.902,Calm
Song 132,64.49,0.148,0.29,0.685,0.606,Relaxed
Song 133,58.77,0.396,0.328,0.642,0.743,Relaxed
Song 134,70.8,0.465,0.386,0.586,0.797,Calm
Song 135,121.58,0.858,0.861,0.626,0,Happy
Song 136,78.02,0.369,0.198,0.327,0.892,Relaxed
Song 137,89.98,0.352,0.313,0.143,0.721,Sad
Song 138,65.01,0.148,0.505,0.764,1,Relaxed
Song 139,133.55,0.944,0.664,0.37,0.196,Angry
Song 140,132.4,0.944,0.654,0.006,0.13,Angry
Song 141,112.2,1,0.793,0.383,0.151,Angry
Song 142,133.51,0.781,0.8,0.689,0.228,Happy
Song 143,111.97,0.875,0.612,0.436,0.227,Angry
Song 144,135.11,0.925,0.864,0.676,0,Energetic
Song 145,64.54,0.175,0.401,0.297,0.506,Sad
Song 146,70.77,0.4,0.456,0.373,0.725,Sad
Song 147,124.16,0.934,0.898,0.854,0.232,Energetic
Song 148,133.68,0.776,0.828,0.726,0.076,Energetic
Song 149,122.53,0.73,0.717,0.857,0.132,Happy
Song 150,127.44,0.907,0.506,0.162,0.293,Angry
Song 151,71.18,0.134,0.088,0.327,0.883,Relaxed
Song 152,68.31,0.238,0.421,0.229,0.928,Relaxed
Song 153,56.72,0.212,0.225,0.443,0.841,Relaxed
Song 154,149.27,1,0.826,0.929,0.104,Energetic
Song 155,124.07,0.893,0.657,0.601,0.222,Angry
Song 156,117.93,0.977,0.584,0.161,0.229,Angry
Song 157,84.79,0.421,0.414,0.571,0.588,Calm
Song 158,88.67,0.322,0.236,0.513,0.83,Calm
Song 159,90.31,0.286,0.339,0.45,0.814,Calm
Song 160,74.79,0.199,0.422,0.258,0.493,Sad
Song 161,67.88,0.228,0.29,0.547,0.907,Relaxed
Song 162,129.48,0.669,0.663,0.689,0.215,Happy
Song 163,63.69,0,0.13,0.45,0.813,Relaxed
Song 164,67.92,0.304,0.319,0.376,0.639,Sad
Song 165,139.79,0.746,0.899,0.712,0.082,Energetic
Song 166,140.88,0.818,0.826,0.193,0,Angry
Song 167,71.24,0.345,0.42,0.587,0.745,Calm
Song 168,81.87,0.416,0.494,0.314,0.884,Sad
Song 169,68.82,0.213,0.362,0.181,0.7,Sad
Song 170,90.82,0.283,0.391,0.222,0.729,Sad
Song 171,86.48,0.537,0.545,0.557,0.891,Calm
Song 172,108.49,0.771,0.874,0.924,0.205,Happy
Song 173,124.91,0.9,0.809,0.777,0.22,Happy
Song 174,50,0.338,0,0.043,0.774,Sad
Song 175,113.38,0.809,0.757,0.162,0.389,Angry
Song 176,67.98,0.291,0.462,0.566,0.76,Relaxed
Song 177,71.64,0.164,0.324,0.161,0.831,Sad
Song 178,135.35,0.872,0.849,0.727,0.174,Energetic
Song 179,124.58,1,0.819,0.53,0.153,Energetic
Song 180,76.63,0.147,0.373,0.338,0.765,Sad
Song 181,120.96,0.933,0.83,0.642,0.204,Energetic
Song 182,134.79,0.959,0.911,0.807,0.222,Happy
Song 183,121.21,0.793,0.862,0.813,0.092,Happy
Song 184,120.86,0.943,0.62,0.261,0.2,Angry
Song 185,127.56,0.818,0.657,0.993,0.12,Happy
Song 186,118.45,0.795,0.758,0.706,0.067,Energetic
Song 187,131.2,0.914,0.652,0.269,0.194,Angry
Song 188,98.92,0.744,0.562,0.824,0.179,Happy
Song 189,131.88,0.8,0.73,0.878,0.117,Happy
Song 190,71.99,0.399,0.294,0.347,0.801,Sad
Song 191,81.74,0.37,0.36,0.159,0.617,Sad
Song 192,66.62,0.354,0.254,0.303,0.571,Sad
Song 193,69.1,0.495,0.162,0.727,0.898,Relaxed
Song 194,129.11,0.892,0.664,0.202,0.294,Angry
Song 195,146.32,0.836,0.854,0.571,0.155,Energetic
Song 196,139.45,0.872,0.6,0.086,0.092,Angry
Song 197,72.87,0.443,0.512,0.857,0.75,Calm
Song 198,82.35,0.274,0.285,0.602,0.887,Relaxed
Song 199,77.92,0.28,0.226,0.598,0.787,Calm
Song 200,62.04,0.251,0.379,0.572,0.801,Relaxed
Song 201,119.33,0.938,0.829,0.937,0.329,Happy
Song 202,79.3,0.311,0.36,0.612,0.748,Relaxed
Song 203,58.44,0.221,0.48,0.351,0.898,Sad
Song 204,122.28,0.765,0.596,0.232,0.129,Angry
Song 205,64.39,0.285,0.201,0.604,0.88,Relaxed
Song 206,112.5,0.756,0.762,0.788,0.393,Happy
Song 207,79.56,0.21,0.291,0.488,0.738,Calm
Song 208,85.82,0.284,0.479,0.257,0.724,Sad
Song 209,72.04,0.472,0.118,0.01,0.655,Sad
Song 210,135.15,0.969,0.907,0.654,0.222,Energetic
Song 211,121.84,0.876,0.807,0.753,0.264,Happy
Song 212,126.11,0.88,0.767,0,0,Angry
Song 213,131.37,0.875,0.709,0.582,0,Energetic
Song 214,96.57,0.48,0.309,0.206,0.582,Sad
Song 215,80.83,0.32,0.372,0.328,0.729,Calm
Song 216,83.49,0.457,0.422,0.362,0.923,Calm
Song 217,141.33,0.899,0.722,0.662,0.144,Energetic
Song 218,131.13,0.866,0.773,0.341,0.089,Angry
Song 219,101.34,0.616,0.257,0.409,0.998,Calm
Song 220,109.42,0.648,0.731,0.87,0.168,Happy
Song 221,128.26,0.829,0.772,0.974,0.136,Energetic
Song 222,76.87,0.201,0.281,0.464,0.562,Relaxed
Song 223,106.89,0.655,0.5,0.379,0.115,Angry
Song 224,132.91,0.821,0.858,0.712,0.243,Happy
Song 225,114.23,0.836,0.837,0.754,0.045,Happy
Song 226,60.16,0.309,0.383,0.155,0.723,Sad
Song 227,141.18,1,0.988,0.58,0.302,Energetic
Song 228,66.69,0.404,0.357,0.201,0.503,Sad
Song 229,109.41,0.977,0.772,0.124,0.156,Angry
Song 230,74.75,0.357,0.457,0.515,1,Calm
Song 231,81.99,0.31,0.43,0.196,0.714,Sad
Song 232,118.85,0.696,0.846,0.898,0.251,Happy
Song 233,82.49,0.213,0.337,0.475,0.883,Relaxed
Song 234,114,0.942,0.816,0.794,0.323,Happy
Song 235,99.86,0.86,0.786,0.85,0.021,Happy
Song 236,67.77,0.45,0.382,0.57,0.827,Relaxed
Song 237,60.71,0.446,0.465,0.331,0.741,Calm
Song 238,113.43,0.783,0.625,0,0.194,Angry
Song 239,132.49,0.652,0.76,0.848,0,Energetic
Song 240,78.52,0.302,0.46,0.439,0.868,Calm
Song 241,143.36,0.86,0.658,0.042,0.263,Angry
Song 242,64.39,0.244,0.348,0.062,0.747,Sad
Song 243,137.93,0.741,0.848,0.789,0,Energetic
Song 244,71.25,0.508,0.407,0.569,1,Calm
Song 245,78.58,0.571,0.329,0.154,0.771,Sad
Song 246,124.39,0.727,0.677,1,0.219,Happy
Song 247,81.16,0.289,0.325,0.317,0.565,Sad
Song 248,128.53,1,0.667,0.175,0.059,Angry
Song 249,65.46,0.212,0.392,0.342,0.983,Relaxed
Song 250,131.2,0.938,0.747,0.859,0.249,Energetic
Song 251,104.85,0.863,0.82,0.627,0.177,Happy
Song 252,128.65,0.936,0.638,0.255,0.297,Angry
Song 253,53.33,0.388,0.364,0.31,0.831,Calm
Song 254,137.49,0.771,0.654,0.11,0.039,Angry
Song 255,62.57,0.296,0.113,0.773,0.952,Relaxed
Song 256,133.18,0.958,0.719,0.842,0.061,Energetic
Song 257,77.08,0.362,0.449,0.551,0.898,Calm
Song 258,119.91,0.831,0.738,1,0,Happy
Song 259,148.68,0.815,1,0.819,0.217,Energetic
Song 260,68.28,0.228,0.279,0.597,1,Relaxed
Song 261,62.89,0.382,0.442,0.329,0.809,Sad
Song 262,132.29,0.807,0.773,0.504,0.128,Energetic
Song 263,115.6,0.484,0.655,0.955,0.1,Happy
Song 264,138.61,0.761,1,0.683,0.135,Energetic
Song 265,150.16,0.869,0.801,0.661,0.161,Energetic
Song 266,66.95,0.21,0.447,0.536,1,Relaxed
Song 267,142.85,0.916,0.716,0.133,0.018,Angry
Song 268,139.6,0.999,0.864,0.546,0,Energetic
Song 269,117.32,0.911,0.973,0.698,0,Energetic
Song 270,70.09,0.284,0.56,0.075,0.673,Sad
Song 271,76.5,0.356,0.361,0.29,0.813,Sad
Song 272,63.91,0.388,0.213,0.289,0.741,Sad
Song 273,71.77,0.238,0.243,0.208,0.588,Sad
Song 274,75.23,0.185,0.421,0.108,0.652,Sad
Song 275,85.25,0.333,0.329,0.31,0.467,Sad
Song 276,71.57,0.5,0.363,0.258,0.786,Sad
Song 277,105.03,0.712,0.641,0.134,0.277,Angry
Song 278,68.85,0.107,0.223,0,0.692,Sad
Song 279,120.76,0.988,0.74,0.2,0,Angry
Song 280,74.17,0.306,0.331,0.668,0.74,Relaxed
Song 281,58.41,0.325,0.131,0.438,1,Relaxed
Song 282,117.39,0.864,0.804,0.807,0.344,Happy
Song 283,117.19,0.82,0.915,0.747,0,Energetic
Song 284,60.76,0.192,0.263,0.385,0.805,Relaxed
Song 285,132.72,0.961,0.605,0.173,0.137,Angry
Song 286,63.83,0.185,0.256,0.174,0.58,Sad
Song 287,142.3,0.741,0.863,0.674,0.141,Energetic
Song 288,71.87,0.155,0.224,0.254,0.843,Sad
Song 289,85.46,0.539,0.365,0.586,0.736,Calm
Song 290,66.81,0.088,0.066,0.663,0.762,Relaxed
Song 291,121.14,0.759,0.843,0.612,0.145,Energetic
Song 292,86.53,0.452,0.404,0.709,0.692,Calm
Song 293,131.33,0.906,0.638,0.783,0.343,Happy
Song 294,130.08,0.9,0.598,0.174,0.155,Angry
Song 295,134.57,0.908,0.792,0.764,0.45,Energetic
Song 296,54.23,0.332,0.274,0.319,0.726,Sad
Song 297,93.76,0.439,0.493,0.239,1,Calm
Song 298,128.75,0.988,0.498,0.12,0.138,Angry
Song 299,137.83,1,0.683,0.817,0.101,Energetic
Song 300,117.96,0.633,0.83,0.53,0.258,Happy
Song 301,68.53,0.238,0.417,0.529,0.797,Relaxed
Song 302,66.93,0.427,0.404,0.204,0.692,Sad
Song 303,128.88,0.704,0.695,0.235,0.406,Angry
Song 304,61,0.29,0.53,0.393,0.636,Sad
Song 305,135.02,0.928,0.79,0.689,0,Energetic
Song 306,83.35,0.465,0.357,0.326,0.939,Calm
Song 307,64.74,0.272,0.2,0.127,0.655,Sad
Song 308,147.28,0.836,0.924,0.635,0.13,Energetic
Song 309,76.73,0.197,0.143,0.384,0.816,Relaxed
Song 310,69.51,0.461,0.333,0.805,0.611,Calm
Song 311,70.72,0.371,0.394,0.241,0.848,Calm
Song 312,139.03,0.735,0.806,0.943,0.16,Happy
Song 313,50,0.314,0.289,0.428,0.895,Relaxed
Song 314,119.16,0.827,0.681,0.059,0.246,Angry
Song 315,65.37,0.492,0.463,0.262,0.607,Sad
Song 316,114.71,0.787,0.784,0.809,0.176,Happy
Song 317,67.58,0.368,0.471,0.356,0.797,Calm
Song 318,126.8,0.911,0.821,0.877,0.161,Energetic
Song 319,131.71,0.803,0.562,0.258,0.061,Angry
Song 320,80.93,0.223,0.288,0.171,0.652,Sad
Song 321,78.29,0.471,0.577,0.126,0.728,Sad
Song 322,60.24,0.222,0.287,0.123,0.594,Sad
Song 323,107.83,0.864,0.688,1,0.126,Happy
Song 324,82.72,0.29,0.551,0.654,0.856,Calm
Song 325,70.11,0.138,0.446,0.647,0.891,Relaxed
Song 326,57.64,0.322,0.449,0.666,0.953,Calm
Song 327,138.02,1,0.694,0.699,0.133,Energetic
Song 328,78.99,0.235,0.347,0.481,0.802,Calm
Song 329,115.57,0.776,0.824,0.783,0.131,Happy
Song 330,68.92,0.058,0.348,0.55,0.885,Relaxed
Song 331,62.47,0.223,0.407,0.519,0.84,Calm
Song 332,63.38,0.316,0.393,0.608,0.849,Relaxed
Song 333,132.69,1,0.684,0.114,0.201,Angry
Song 334,76.61,0.406,0.212,0.523,0.97,Relaxed
Song 335,56.83,0.291,0.358,0.561,0.906,Relaxed
Song 336,69.41,0.448,0.26,0.18,0.721,Sad
Song 337,67.03,0.289,0.176,0.524,0.686,Calm
Song 338,68.15,0.366,0.286,0.278,0.684,Sad
Song 339,129.75,0.811,0.603,0.345,0.167,Angry
Song 340,106.03,0.846,0.672,0.99,0.303,Happy
Song 341,136.57,0.879,0.928,0.656,0.128,Energetic
Song 342,76.72,0.194,0.238,0.407,0.752,Relaxed
Song 343,75.3,0.431,0.443,0.355,0.967,Relaxed
Song 344,96.22,0.374,0.39,0.279,0.852,Calm
Song 345,74,0.144,0.404,0.373,0.626,Sad
Song 346,123.63,0.684,0.833,0.63,0,Energetic
Song 347,115.5,0.672,0.725,0.949,0.252,Happy
Song 348,80.7,0.482,0.264,0.524,0.838,Calm
Song 349,129.35,0.802,0.671,0.286,0,Angry
Song 350,79.9,0,0.238,0.673,0.842,Relaxed
Song 351,124.06,1,0.668,0.835,0.093,Energetic
Song 352,113.08,0.822,0.518,0.324,0.208,Angry
Song 353,77.96,0.334,0.509,0.358,1,Calm
Song 354,71.67,0.184,0.282,0.154,0.567,Sad
Song 355,107.72,0.562,0.742,0.604,0.09,Happy
Song 356,62.91,0.213,0.55,0.257,0.749,Sad
Song 357,128.46,0.922,0.758,0.809,0,Energetic
Song 358,79.14,0.361,0.396,0.443,0.787,Calm
Song 359,64.66,0.349,0.374,0.239,0.668,Sad
Song 360,127.97,0.756,0.749,0.833,0.384,Happy
Song 361,79.7,0.111,0.372,0.439,0.779,Sad
Song 362,83.71,0.364,0.383,0.49,0.726,Calm
Song 363,121.98,0.703,0.699,0.657,0.227,Happy
Song 364,125.45,0.803,0.877,0.831,0.227,Happy
Song 365,124.08,0.827,0.841,0.166,0.04,Angry
Song 366,129.34,0.905,0.48,0.355,0.109,Angry
Song 367,131.89,0.843,0.654,1,0.259,Happy
Song 368,81.9,0.579,0.396,0.517,0.741,Calm
Song 369,139.77,0.901,0.781,0.716,0.092,Energetic
Song 370,68.67,0.273,0.437,0.208,0.845,Calm
Song 371,85.08,0.251,0.416,0.202,0.734,Sad
Song 372,142.37,0.854,0.96,0.581,0.135,Energetic
Song 373,141.6,1,0.784,0.535,0,Energetic
Song 374,88.6,0.47,0.39,0.385,0.912,Calm
Song 375,146.59,1,0.897,0.77,0.041,Energetic
Song 376,63.9,0.36,0.271,0.346,1,Calm
Song 377,138.8,0.869,0.843,0.816,0.096,Energetic
Song 378,125.31,0.76,0.746,0.651,0,Happy
Song 379,82.56,0.291,0.377,0.526,0.561,Calm
Song 380,62.85,0.341,0.389,0.112,0.739,Sad
Song 381,142.77,0.89,0.813,0.624,0.156,Energetic
Song 382,69.95,0.313,0.313,0.648,0.891,Relaxed
Song 383,133.71,0.8,0.439,0.405,0.151,Angry
Song 384,107.86,0.809,0.697,0.186,0.059,Angry
Song 385,114.53,0.8,0.641,0.267,0.18,Angry
Song 386,144.11,0.92,0.909,0.669,0.108,Energetic
Song 387,74.15,0.377,0.406,0.255,0.623,Sad
Song 388,72.68,0.297,0.369,0.515,0.657,Sad
Song 389,145.68,0.91,1,0.655,0.139,Energetic
Song 390,74.01,0.385,0.405,0.622,0.858,Calm
Song 391,71.05,0.267,0.62,0.297,0.634,Sad
Song 392,128.06,0.806,0.954,0.656,0.115,Energetic
Song 393,79.31,0.215,0.242,0.277,0.792,Sad
Song 394,75.33,0.219,0.418,0.161,0.657,Sad
Song 395,138.01,0.943,0.68,0.37,0.458,Angry
Song 396,102.91,0.706,0.718,0.718,0.051,Happy
Song 397,112.83,0.914,0.625,0.278,0.181,Angry
Song 398,88.03,0.383,0.592,0.548,0.597,Calm
Song 399,107.59,0.882,0.608,0.164,0.361,Angry
Song 400,73.49,0.323,0.207,0.43,0.884,Relaxed
Song 401,116.44,0.882,0.861,0.674,0.002,Energetic
Song 402,76.6,0.402,0.389,0.593,0.95,Calm
Song 403,67.44,0.344,0.411,0.198,0.815,Sad
Song 404,144.8,1,1,0.596,0.102,Energetic
Song 405,124.02,0.815,0.471,0.231,0.028,Angry
Song 406,125.86,0.801,0.51,0.248,0.138,Angry
Song 407,146.86,0.908,0.669,0.091,0,Angry
Song 408,87.83,0.208,0.246,0.245,0.709,Sad
Song 409,116.95,0.903,0.699,0.653,0.293,Happy
Song 410,76.92,0.238,0.192,0.161,0.713,Sad
Song 411,57.63,0.242,0.368,0.264,1,Relaxed
Song 412,113.18,0.913,0.645,0.35,0.186,Angry
Song 413,127.15,0.914,0.841,0.757,0.195,Energetic
Song 414,74.08,0.229,0.115,0.495,0.93,Relaxed
Song 415,74.31,0.341,0.313,0.182,0.727,Relaxed
Song 416,138.86,0.725,0.582,0.968,0.182,Happy
Song 417,74.77,0.346,0.386,0.334,0.993,Sad
Song 418,134.71,0.722,0.665,0.357,0.264,Angry
Song 419,79.65,0.343,0.557,0.46,0.819,Relaxed
Song 420,68.94,0.251,0.261,0,0.668,Sad
Song 421,120.07,1,0.621,0.375,0.151,Angry
Song 422,90.26,0.448,0.517,0.527,0.88,Calm
Song 423,65.12,0.29,0.523,0.518,0.93,Relaxed
Song 424,137.58,0.994,0.621,0,0.182,Angry
Song 425,139.7,0.897,0.72,0.112,0,Angry
Song 426,70.61,0.247,0.251,0.56,1,Relaxed
Song 427,82.49,0.384,0.498,0.227,0.473,Sad
Song 428,118.11,0.861,0.683,0.799,0.097,Happy
Song 429,142.49,0.965,0.922,0.696,0.124,Energetic
Song 430,108.15,0.561,0.795,0.859,0.325,Happy
Song 431,150.7,0.8,0.825,0.758,0.404,Energetic
Song 432,82.8,0.362,0.261,0.444,0.975,Relaxed
Song 433,122.62,0.869,0.779,0.177,0,Angry
Song 434,125.04,0.71,0.784,0.81,0.147,Happy
Song 435,52.67,0.198,0.368,0.476,0.687,Relaxed
Song 436,131.69,0.992,0.616,0,0.205,Angry
Song 437,123.09,0.691,0.664,0.767,0.158,Happy
Song 438,65.56,0.359,0.305,0.368,0.754,Sad
Song 439,63.34,0.135,0.379,0.207,0.435,Sad
Song 440,119.64,0.79,0.778,0.016,0,Angry
Song 441,81.57,0.176,0.237,0.624,0.601,Relaxed
Song 442,106.39,0.852,0.775,0.168,0.132,Angry
Song 443,103.07,0.362,0.378,0.739,0.637,Calm
Song 444,82.28,0.198,0.36,0.221,0.605,Sad
Song 445,118.24,0.802,0.888,0.819,0.084,Energetic
Song 446,120.7,0.837,0.683,0.909,0.278,Happy
Song 447,121.24,0.834,0.697,0.318,0.056,Angry
Song 448,77.97,0.474,0.297,0.471,0.831,Calm
Song 449,61.95,0.066,0.108,0.399,0.722,Relaxed
Song 450,80.45,0.301,0.31,0.427,0.767,Calm
Song 451,88.62,0.422,0.334,0.468,0.859,Calm
Song 452,140.84,0.809,0.864,0.456,0.125,Energetic
Song 453,132.2,1,0.772,0.726,0.096,Energetic
Song 454,124,0.869,0.631,0.322,0.285,Angry
Song 455,127.3,0.88,0.702,0.136,0.212,Angry
Song 456,64.38,0.409,0.571,0.235,0.457,Sad
Song 457,84.32,0.355,0.375,0.371,0.778,Sad
Song 458,84.18,0.392,0.502,0.293,0.829,Sad
Song 459,65.99,0.471,0.372,0.347,0.735,Sad
Song 460,76.13,0.421,0.524,0.587,0.615,Calm
Song 461,89.82,0.279,0.17,0.477,0.802,Sad
Song 462,124.3,0.843,0.728,0.155,0.258,Angry
Song 463,122.45,0.795,0.763,0.945,0.076,Happy
Song 464,65.78,0.481,0.443,0.578,0.869,Calm
Song 465,75.87,0.245,0.251,0.513,1,Relaxed
Song 466,107.65,0.93,0.452,0.207,0.068,Angry
Song 467,138.89,0.862,0.65,0.801,0.272,Energetic
Song 468,96.9,0.456,0.385,0.679,1,Calm
Song 469,125.58,0.92,0.904,0.483,0.156,Energetic
Song 470,90.73,0.314,0.447,0.572,0.871,Relaxed
Song 471,116.84,0.784,0.747,0.385,0.001,Angry
Song 472,144.68,0.891,0.894,0.755,0.219,Energetic
Song 473,139.1,0.911,0.682,0.12,0.379,Angry
Song 474,72.7,0.321,0.139,0.451,1,Relaxed
Song 475,52.86,0.404,0.296,0.419,0.709,Sad
Song 476,84.05,0.538,0.29,0.401,0.796,Calm
Song 477,121.69,0.733,0.942,0.628,0.053,Energetic
Song 478,101.43,0.712,0.779,0.932,0.087,Happy
Song 479,118.15,0.812,0.774,0.245,0.054,Angry
Song 480,123.45,1,0.767,0.122,0.115,Angry
Song 481,72.14,0.414,0.381,0.657,0.965,Calm
Song 482,131.71,0.879,0.926,0.63,0.171,Energetic
Song 483,110.31,0.684,0.925,0.801,0.377,Happy
Song 484,76.86,0.449,0.619,0.393,0.592,Calm
Song 485,111.73,0.778,0.721,0.852,0.066,Happy
Song 486,66.2,0.295,0.199,0.466,0.838,Relaxed
Song 487,67.77,0.312,0.31,0.217,0.718,Sad
Song 488,118.44,0.949,0.764,0.164,0.178,Angry
Song 489,128.65,1,0.671,0.007,0.174,Angry
Song 490,84.33,0.278,0.45,0.167,0.542,Sad
Song 491,107.44,0.856,0.749,0,0,Angry
Song 492,61.68,0.294,0.313,0.418,0.835,Sad
Song 493,136.46,0.939,0.774,0.803,0,Energetic
Song 494,133.35,0.999,0.641,0.199,0.168,Angry
Song 495,128.02,0.869,0.615,0.305,0.111,Angry
Song 496,56.6,0.236,0.307,0.564,0.899,Relaxed
Song 497,71.14,0.438,0.509,0.312,0.842,Calm
Song 498,114.15,0.743,0.69,0.8,0.401,Happy
Song 499,113.3,0.75,0.793,0.165,0.117,Angry
Song 500,115.97,0.686,0.756,1,0.347,Happy
